.9f,.06f,Great Hall,The Room is filled with tables full of students and food. There are candles floating near the ceiling.,Changing Staircase,Stairs to Entrance Hall,none,none
.25f,0f,Stairs to Entrance Hall,The stairs seem to follow a pattern. They lead to the entrance hall.,Great Hall,Entrance Hall,none,none
.75f,.2f,Entrance Hall,This is the room you entered when you first came to Hogwarts. The windows above the door are dark.,Stairs to Entrance Hall,none,Courtyard,Library
.71f,.1f,Courtyard,The courtyard between the Entrance hall and the Herbalogy tower. The grass here is the greenest you have ever seen.,none,Herbalogy Tower,none,Entrance Hall
0f,.75f,Library,The room is filled with rows of bookshelves. There are books flying through the rows of bookshelves. ,none,none,Entrance Hall,none
.25f,.5f,Herbalogy Tower,The tower that houses the Herbalogy classes. All of classes are over for the day.,Courtyard,none,none,none
.65f,.25f,Changing Staircase,The stairs lead to the other levels of the school. They seem to move to follow your path.,Dorms,Great Hall,Room of Requirement,Forbidden Room
.45f,.9f,Dorms,This is the crossroads for the dorms of the four houses of Hogwarts.,none,Changing Staircase,none,none
0f,.9f,Room of Requirement,A room that seems to change depending on what you think you need.,none,none,none,Changing Staircase
0f,.01f,Forbidden Room,This room gives you a erie feeling. You think you should leave.,none,none,Changing Staircase,none
